name,email,phone,registration_date
Stephanie Silva,stephanie44@example.net,001-485-487-2736,2024-11-11
Crystal Clarke,thudson@example.com,795-890-4575x9926,2023-03-01
Theresa Chavez PhD,ryan27@example.com,+1-413-212-7062x450,2024-12-06
Michael Banks,johnsonjessica@example.org,001-819-583-5391x266,2025-01-19
Jeremy Dominguez,zbarrett@example.net,231-275-7934,2023-08-30
Andrew Pruitt,davidriley@example.com,714.669.1312x60305,2024-06-09
Lance Evans,dmartin@example.net,736-901-1577,2024-05-16
Johnny Martin,bduarte@example.org,001-639-487-9448x4574,2023-04-24
Megan Barajas,nicole58@example.org,+1-683-321-0717x7273,2024-10-29
Jo Wood,benjaminhale@example.org,574-795-3506x87904,2024-04-10
Anthony Wagner,sara50@example.net,5577538696,2023-11-26
Colton Horton,kyleschroeder@example.org,327.633.4678,2023-08-24
Leslie Wilson,stephaniebrown@example.net,876.655.9732x236,2023-11-13
Theresa Castro,angelahuerta@example.net,+1-431-519-2481x66033,2024-01-31
Maria Anderson,jasonsanchez@example.net,853-999-8777,2023-12-30
Stephanie Smith,ronaldcase@example.net,586-466-4598x8644,2023-05-06
Mason Lopez,jlarson@example.net,229-403-4592x12559,2023-05-27
Melanie Mayer,katherinemarsh@example.net,001-540-501-2554,2023-05-30
Danielle Vance,swilliams@example.net,935.826.6053,2024-10-04
Lisa Hamilton,olsenjohn@example.com,427.721.4546x2840,2024-11-29
Michelle Martinez,yorkdaniel@example.com,486.732.0197,2024-02-24
Shelley Moore,kathleen68@example.com,(238)825-6666x350,2023-03-31
Kari Parker,nguyenpamela@example.org,6313747790,2023-04-02
Diana Franklin,bpeterson@example.org,001-669-469-8039x4021,2023-11-14
Sharon Peters,ronald15@example.org,001-236-317-5375x20451,2024-02-24
Hector Hamilton,tgilbert@example.com,(646)626-4445,2024-02-04
Sharon Moore,howellscott@example.com,(364)966-3244x00656,2024-10-02
Todd Walker,donna99@example.org,+1-859-519-6043,2024-12-13
Jacob Ryan,changashley@example.net,4078106693,2023-10-14
David Mcclure,herreralisa@example.com,(582)589-9293x8654,2023-07-14
Mary Carter,hendersoncarrie@example.org,+1-829-373-9801,2024-03-10
Raven Wright,merrittstephen@example.net,(773)440-1792x775,2023-02-17
Sarah Wu,stevenbrown@example.net,593.530.7748x2305,2024-12-21
Thomas Singh,katiegarcia@example.net,001-800-566-8485x0907,2023-12-15
Rachel Barnes,pricelee@example.org,+1-402-849-5287x59060,2024-07-15
Yvonne Guerra,kaitlinwhite@example.org,(452)847-8596,2024-01-28
Angela Garrett,hillgeorge@example.com,653-255-1155x081,2025-01-23
David Oneal,josephhansen@example.com,5992717079,2023-07-16
Shelby Carlson,meganhebert@example.org,001-391-758-6576,2023-10-21
Shelly Miller,lindsey87@example.com,(353)718-3172x1938,2024-01-26
Claudia Salinas,kallen@example.net,674-420-8374x6192,2023-08-29
Rebecca Carter,daniel30@example.net,754.998.4309,2024-04-14
Dr. Thomas Jones,zsmith@example.com,328.245.0112,2023-05-07
Elizabeth Miller,keith18@example.net,966.582.6894x30703,2023-09-19
Joseph Proctor,csmith@example.org,+1-542-202-4605x11988,2023-08-14
Cole Mitchell,nicole19@example.com,215.695.5957x0874,2023-09-27
Steven Ramos,gillespielaura@example.net,001-382-595-8287,2023-09-08
Steven Jackson,robertsjacob@example.net,+1-669-318-9450,2023-07-26
Sean Wagner,brianrodriguez@example.org,+1-857-986-0140x091,2024-12-03
Cindy Herman,rileyandrew@example.net,(741)652-9667x8419,2024-04-25
Yolanda Mitchell,guerraapril@example.com,776-785-8039x486,2025-02-14
Ray Jordan,uruiz@example.org,508.591.2656x6206,2024-12-27
Amber Lawrence,nortonerica@example.net,+1-507-776-1746x760,2024-12-03
Jeffery Shelton,jwhite@example.org,001-727-467-3396x0773,2023-06-18
Tracey Robinson,thompsonnicole@example.org,6236304548,2024-10-28
Emily Lambert,barrettashley@example.com,001-750-828-3188x48539,2025-01-19
Victoria Hansen,mali@example.com,(499)937-8937,2023-08-15
Julie Wilson DDS,jbonilla@example.net,388.283.6897,2023-03-17
Dr. Alison Hudson,peterprice@example.net,+1-737-751-9316x33655,2024-08-15
Scott Morris,robertflynn@example.net,+1-732-914-6037x845,2024-12-22
Emily Richards,copelandjohn@example.com,694-356-6163,2023-04-30
Linda Robles,gregoryshields@example.org,001-689-276-0389,2024-09-09
Kristen Gregory,acolon@example.org,001-324-827-9875x1886,2025-01-17
Diana Castaneda DVM,briana66@example.org,517-693-4878x897,2023-04-07
Kevin Nicholson,fbarrera@example.net,(939)512-4388,2024-11-18
Selena Ramirez,gguzman@example.org,001-450-630-5402,2023-05-24
Donna Simmons,datkins@example.com,920-657-1937x77159,2024-06-13
Patricia Maldonado,amy51@example.net,985.231.2636,2023-09-03
Kevin Lynch,vsmith@example.org,(567)356-3685x92010,2023-10-21
Michelle Lindsey,petermiller@example.com,001-315-354-2080,2024-03-21
Margaret Haynes,ubrown@example.com,(396)545-0920,2024-11-25
Laura Richmond,starkmadeline@example.org,(224)785-9427x05660,2023-09-24
Patrick Rivera,rebekah85@example.org,001-602-478-9309x129,2024-02-04
Keith Reilly,contrerastammy@example.org,(710)377-6595x3952,2024-05-20
Nancy Nguyen,etorres@example.org,5093764667,2024-06-07
Amy Miles,rebeccaanderson@example.org,+1-650-238-4836x3871,2024-12-02
Katie Williams,sarah72@example.net,407-264-5263x771,2023-07-10
Jacob Williams,kennethking@example.net,994.285.9682,2024-04-27
Nicholas Young,wallacekyle@example.net,213.891.9112,2023-04-12
Jeffrey Flowers,ryantucker@example.com,9539128970,2024-02-14
Claudia Bryant,rrichards@example.net,9397405232,2024-05-13
Marilyn Holland,angelavaughn@example.com,001-835-270-4901x3620,2023-04-01
Richard Chen,kristine77@example.net,001-290-775-9744x6323,2024-12-09
Nicholas Hardin,zmitchell@example.org,373.598.3612x1415,2024-03-17
Mrs. Barbara Spears,roywalsh@example.org,(649)929-0445,2024-09-20
Elizabeth Baker,sarahlopez@example.com,+1-839-626-3116x201,2023-11-22
Christopher Smith,frussell@example.com,001-225-775-7666x556,2024-01-08
Steven Martinez,calvinwalker@example.com,+1-930-326-1713x6717,2023-04-20
Clifford Vance,brandon14@example.net,(600)959-9652x14953,2024-04-04
Patricia Hamilton,hburns@example.com,531-341-9071x7712,2023-12-15
Anna Bell,scottandrew@example.org,001-423-453-3059x632,2023-06-04
Robert Smith,christopher34@example.net,422-419-7318,2023-04-10
Tony Kennedy,smallglenn@example.net,944-990-0597,2024-09-02
Sara King,chelsealowery@example.org,892.539.2607x152,2024-09-16
Danielle Duncan,snyderlaura@example.net,796.616.7681x0826,2024-10-03
Jasmine Tran,moranchristina@example.com,850-208-2533,2024-04-28
Dennis Johnson,glassbeth@example.org,942.543.5409x94955,2023-07-11
Ann Campbell,upena@example.net,928-421-9347x182,2023-02-19
Christine Russo,lutzannette@example.net,(666)951-9920,2024-08-04
Angela Lee,thomasvaughan@example.com,+1-753-498-7672x8898,2025-01-12
